width,height,xmin,ymin,xmax,ymax,normalised_value,class_id
2067,1163,1104,86,114,88,178.1705716064158,1
400,400,0,0,400,400,148.85183125,1
500,500,21,49,479,429,169.42320133333334,2
